{
    "tokens": [
        {
            "token": "000",
            "used": false,
            "book": ""
        },
        {
            "token": "111",
            "used": true,
            "book": "The Silence of the Lambs",
            "borrowed_by": "Olive"
        },
        {
            "token": "222",
            "used": false,
            "book": ""
        },
        {
            "token": "333",
            "used": false,
            "book": ""
        },
        {
            "token": "444",
            "used": false,
            "book": ""
        },
        {
            "token": "555",
            "used": false,
            "book": ""
        },
        {
            "token": "666",
            "used": true,
            "book": "The Hound of the Baskervilles",
            "borrowed_by": "Tawsif"
        },
        {
            "token": "777",
            "used": false,
            "book": "",
            "borrowed_by": ""
        },
        {
            "token": "888",
            "used": false,
            "book": ""
        },
        {
            "token": "999",
            "used": false,
            "book": ""
        }
    ]
}