{
    "tokens": [
        {
            "token": "000",
            "used": true,
            "book": "The Girl With the Dragon Tattoo",
            "borrowed_by": "Mahraj Afsan Olive"
        },
        {
            "token": "111",
            "used": true,
            "book": "Murder on the Orient Express",
            "borrowed_by": "Mahraj Afsan Olive"
        },
        {
            "token": "222",
            "used": false,
            "book": ""
        },
        {
            "token": "333",
            "used": false,
            "book": ""
        },
        {
            "token": "444",
            "used": false,
            "book": ""
        },
        {
            "token": "555",
            "used": false,
            "book": ""
        },
        {
            "token": "666",
            "used": false,
            "book": ""
        },
        {
            "token": "777",
            "used": false,
            "book": "",
            "borrowed_by": ""
        },
        {
            "token": "888",
            "used": false,
            "book": ""
        },
        {
            "token": "999",
            "used": false,
            "book": ""
        }
    ]
}